{
       "q_liq": [
              0,
              10,
              20,
              30,
              40,
              50,
              60,
              70,
              80,
              90,
              100,
              110,
              120,
              130,
              140,
              150,
              160,
              170,
              180,
              190,
              200,
              210,
              220,
              230,
              240,
              250,
              260,
              270,
              280,
              290,
              300,
              310,
              320,
              330,
              340,
              350,
              360,
              370,
              380,
              390
       ],
       "p_wf": [
              114.42523775803666,
              114.4252377569153,
              114.42523775579394,
              114.4252377546726,
              114.42523775355123,
              114.42523775242988,
              114.42523775129666,
              114.42523775016879,
              114.42523774904743,
              114.42523774787092,
              114.42523774532837,
              114.42523773991114,
              114.42523773301755,
              114.425237725885,
              114.42523771957967,
              114.42523771389936,
              114.42523770833714,
              114.42523770263067,
              114.42523769667461,
              114.42523769046427,
              114.42523768399042,
              114.42523767722552,
              114.42523767020326,
              114.42523766288687,
              114.42523765531313,
              114.42523764746267,
              114.42523763932003,
              114.42523763091906,
              114.42523762224234,
              114.425237613299,
              114.42523760408005,
              114.42523759459448,
              114.42523758482818,
              114.42523757479613,
              114.42523756448333,
              114.42523755391318,
              114.42523754306728,
              114.42523753195103,
              114.42523752056664,
              114.42523750891189
       ]
}